[{"empid":"1111","empname":"Anu","task":"a1","date":"2021-08-14"},{"empid":"14744","empname":"jagu","task":"sleep","date":"2021-09-24"},{"empid":"1234","empname":"Vinayyy","task":"w1","date":"2021-08-04"},{"empid":"1235","empname":"sai","task":"w2","date":"2021-08-20"},{"empid":"12388","empname":"tej","task":"w3","date":"2021-08-19"},{"empid":"1887","empname":"anill","task":"a2","date":"2021-08-20"},{"empid":"1874","empname":"anill","task":"a2","date":"2021-08-20"},{"empid":"12388","empname":"tej","task":"w3","date":"2021-08-19"}]